problem_id,university,year,subject,question,criteria_formula,criteria_logic,model_answer
Q002,가천대,2024,Math,"다항함수 f(x)가 임의의 실수 x, y에 대하여 f(x+y) = f(x) + f(y) + xy 를 만족할 때, f'(0)=1 이면 f'(2)의 값을 구하시오.","1. 도함수의 정의 활용 (10점)\n2. f(0) 값 및 f'(x) 식 유도 (20점)","1. 변수 분리 및 극한 처리는 논리적이어야 함.\n2. 임의의 실수 조건 활용","f'(2) = 3"
Q003,고려대(세종),2025,Math,"어떤 점에서 함수가 미분 가능하면 그 점에서 이 함수는 연속임을 증명하라.","1. 미분계수의 정의 활용 (10점)\n2. 극한의 성질을 이용한 연속성 유도 (10점)","1. 미분가능성의 정의와 연속의 정의를 논리적으로 연결\n2. 극한값 존재와 함숫값 일치 논증","증명 참조"
Q001,아주대,2025,Math,"[오전] 논술 문제(자연계열) - 문항 1~2 (통합)","[1-1] 함수의 성질과 적분 (20점)
- 삼각함수의 덧셈정리 활용 (5점)
- 치환적분 및 부분적분 계산 정확성 (15점)

[1-2] 미분과 극값 (30점)
- 도함수의 부호 변화를 이용한 극값 판정 (10점)
- 주어진 구간에서의 최대/최소 논증 (20점)

[2-1] 확률과 통계 (25점)
- 조건부확률의 정의 적용 (10점)
- 배반사건의 확률 계산 (15점)","1. 논리적 비약 없는 서술 (Start-to-End Logic)
2. 수식의 전개 과정에서 근거 명시 (Since/Because)
3. 답안 작성의 가독성 및 정돈된 구조","[모범답안 키워드]
1. ln(x+1), 극대값 x=1
2. 13/27 (확률)"
Q004,연세대,2024,Math,"이차정사각행렬 A에 대하여 A^2 - 3A + 2E = O 일 때, A의 역행렬이 존재함을 보이시오.","1. 케일리-해밀턴 정리 또는 인수분해 활용 (5점)\n2. 역행렬 정의에 부합하는 식 유도 (15점)","1. 행렬 연산의 법칙 적용\n2. 주장이 논리적으로 타당한지 서술","식 변형을 통해 A(A-3E) = -2E 이므로 역행렬 존재"